{"['pressure_low']": 1775904704.8652456, "['wind_ne', 'pressure_low']": 1775919261.3545432, "['wind_ne', 'pressure_low', 'humidity_high']": 1775926462.2448332, "wind_ne": 1775928904.9295678, "pressure_low": 1775928905.8407454, "humidity_high": 1775928906.69218, "combo:humidity_high,pressure_low,wind_ne": 1775933584.9452302, "single:pressure_low": 1775933582.8685203, "single:humidity_high": 1775933583.8344235, "combo:humidity_high,pressure_change,pressure_low,wind_ne": 1775931666.9395013}