{"['pressure_low']": 1775887805.173946, "['wind_ne', 'pressure_low']": 1775889818.3848822}