{"single:pressure_low": 1775939524.7603912, "single:humidity_high": 1775939525.8232944, "combo:humidity_high,pressure_low": 1775939526.9260328}