{"['pressure_low']": 1775896018.5974243, "['wind_ne', 'pressure_low']": 1775901575.4983366}