{"single:pressure_low": 1775946664.6240494, "single:humidity_high": 1775946665.727409, "combo:humidity_high,pressure_low": 1775939526.9260328, "combo:humidity_high,pressure_change,pressure_low": 1775943096.1914153, "single:wind_ne": 1775946663.5560436, "combo:humidity_high,pressure_low,wind_ne": 1775946666.754297}